codigo_ibge,NM_MUN,NM_RGI,populacao,ano_populacao,data_referencia_populacao,notificacoes,casos_recentes,incidencia_100k,incidencia_recente_100k,incidencia_100k_legacy,incidencia_recente_100k_legacy,tx_uti_percent,letalidade_percent,score_risco_srag_legacy,classe_risco_srag_legacy,score_v2_status
5106828,"Porto Esperidião","Mirassol D'oeste",10011,2026,2026-07-01,4,1,39.956048,9.989012,190.65776930409913,47.66444232602478,75.0,0.0,69.08,"Alto",blocked
5100805,"Apiacás","Alta Floresta",8693,2026,2026-07-01,3,3,34.510526,34.510526,34.51052571034165,34.51052571034165,100.0,0.0,67.39,"Alto",blocked
5107263,"Santo Afonso","Diamantino",2372,2026,2026-07-01,1,1,42.158516,42.158516,41.390728476821195,41.390728476821195,100.0,0.0,65.31,"Alto",blocked
5103007,"Chapada dos Guimarães","Cuiabá",19541,2026,2026-07-01,48,11,245.637378,56.291899,246.68516805427072,56.53201767910371,32.0,20.0,63.62,"Alto",blocked
5102686,"Campos de Júlio","Pontes e Lacerda - Comodoro",10281,2026,2026-07-01,7,3,68.086762,29.180041,70.38005228232456,30.162879549567666,100.0,0.0,63.5,"Alto",blocked
5108303,"União do Sul","Sinop",3910,2026,2026-07-01,1,1,25.575448,25.575448,23.596035865974518,23.596035865974518,100.0,0.0,62.29,"Alto",blocked
5106109,"Nossa Senhora do Livramento","Cuiabá",11659,2026,2026-07-01,4,2,34.308260,17.154130,67.91171477079797,33.955857385398986,50.0,0.0,61.89,"Alto",blocked
5103403,"Cuiabá","Cuiabá",698917,2026,2026-07-01,537,65,76.833158,9.300103,5353.938185443669,648.0558325024925,32.43847874720358,7.829977628635347,61.44,"Alto",blocked
5106182,"Nova Lacerda","Pontes e Lacerda - Comodoro",7178,2026,2026-07-01,2,2,27.862914,27.862914,43.99472063352398,43.99472063352398,0.0,0.0,57.37,"Alto",blocked
5108501,"Vera","Sorriso",10930,2026,2026-07-01,3,1,27.447392,9.149131,27.886224205242613,9.295408068414202,66.66666666666666,0.0,54.67,"Alto",blocked
5107941,"Tabaporã","Juara",9882,2026,2026-07-01,1,0,10.119409,0.000000,0.8021497613604459,0,100.0,100.0,54.3,"Alto",blocked
5106273,"Novo Horizonte do Norte","Juara",3227,2026,2026-07-01,22,6,681.747753,185.931205,488.6717014660151,133.27410039982232,0.0,0.0,52.6,"Alto",blocked
5106190,"Nova Santa Helena","Sinop",4572,2026,2026-07-01,7,2,153.105862,43.744532,98.98190045248869,28.280542986425342,50.0,16.666666666666664,52.1,"Alto",blocked
5108204,"Torixoréu","Barra do Garças",4245,2026,2026-07-01,1,1,23.557126,23.557126,34.07155025553663,34.07155025553663,0.0,0.0,52.05,"Alto",blocked
5108402,"Várzea Grande","Cuiabá",323172,2026,2026-07-01,343,64,106.135433,19.803696,11860.30428769018,2213.001383125865,25.161290322580644,4.516129032258064,51.3,"Alto",blocked
5108600,"Vila Rica","Confresa - Vila Rica",19545,2026,2026-07-01,1,0,5.116398,0.000000,5.079752108097125,0,100.0,100.0,49.4,"Moderado",blocked
5106752,"Pontes e Lacerda","Pontes e Lacerda - Comodoro",56720,2026,2026-07-01,56,6,98.730606,10.578279,1682.6923076923076,180.28846153846155,11.11111111111111,3.7037037037037033,49.07,"Moderado",blocked
5107909,"Sinop","Sinop",231452,2026,2026-07-01,220,38,95.052106,16.418091,11334.363730036064,1957.7537351880476,28.333333333333332,6.666666666666667,48.97,"Moderado",blocked
5105234,"Lambari D'Oeste","Cáceres",4602,2026,2026-07-01,5,0,108.648414,0.000000,49.716615292830866,0,80.0,20.0,48.84,"Moderado",blocked
5100409,"Alto Garças","Rondonópolis",14201,2026,2026-07-01,3,1,21.125273,7.041758,21.496130696474633,7.165376898824879,66.66666666666666,0.0,48.36,"Moderado",blocked
5101704,"Barra do Bugres","Tangará da Serra",29238,2026,2026-07-01,5,1,17.101033,3.420207,17.003332653200026,3.400666530640005,80.0,20.0,48.34,"Moderado",blocked
5108857,"Nova Marilândia","Diamantino",3784,2026,2026-07-01,1,1,26.427061,26.427061,26.80246582685607,26.80246582685607,0.0,0.0,47.93,"Moderado",blocked
5103353,"Confresa","Confresa - Vila Rica",39368,2026,2026-07-01,2,0,5.080268,0.000000,5.200208008320333,0,100.0,100.0,46.86,"Moderado",blocked
5106422,"Peixoto de Azevedo","Peixoto de Azevedo - Guarantã do Norte",33907,2026,2026-07-01,11,2,32.441679,5.898487,151.95468987429203,27.628125431689462,40.0,10.0,46.74,"Moderado",blocked
5107800,"Santo Antônio de Leverger","Cuiabá",16882,2026,2026-07-01,6,0,35.540813,0.000000,35.631569570639584,0,60.0,20.0,46.56,"Moderado",blocked
5107040,"Primavera do Leste","Primavera do Leste",99053,2026,2026-07-01,123,17,124.175946,17.162529,489.9812771381906,67.72098952316456,11.214953271028037,1.8691588785046727,46.52,"Moderado",blocked
5106505,"Poconé","Cuiabá",31138,2026,2026-07-01,5,1,16.057550,3.211510,17.319016279875303,3.4638032559750607,60.0,20.0,46.12,"Moderado",blocked
5104807,"Jaciara","Jaciara",30044,2026,2026-07-01,8,0,26.627613,0.000000,63.55763883371733,0,100.0,14.285714285714285,46.1,"Moderado",blocked
5101902,"Brasnorte","Tangará da Serra",17793,2026,2026-07-01,3,1,16.860563,5.620188,17.00198356474922,5.667327854916407,66.66666666666666,0.0,45.79,"Moderado",blocked
5102702,"Canarana","Água Boa",28985,2026,2026-07-01,4,1,13.800242,3.450060,14.122299110295156,3.530574777573789,50.0,50.0,45.21,"Moderado",blocked
5103205,"Colíder","Sinop",32099,2026,2026-07-01,47,14,146.422007,43.615066,146.6275659824047,43.67629625007799,6.382978723404255,4.25531914893617,45.06,"Moderado",blocked
5104104,"Guarantã do Norte","Peixoto de Azevedo - Guarantã do Norte",31092,2026,2026-07-01,13,5,41.811398,16.081307,451.70257123002085,173.73175816539265,10.0,0.0,44.84,"Moderado",blocked
5106224,"Nova Mutum","Sorriso",65663,2026,2026-07-01,3,0,4.568783,0.000000,80.4073974805682,0,100.0,100.0,42.52,"Moderado",blocked
5104526,"Ipiranga do Norte","Sorriso",8904,2026,2026-07-01,2,1,22.461815,11.230907,92.08103130755065,46.04051565377532,0.0,0.0,42.24,"Moderado",blocked
5104559,"Itaúba","Sinop",5241,2026,2026-07-01,2,0,38.160656,0.000000,24.221872350732713,0,100.0,0.0,41.46,"Moderado",blocked
5101407,"Aripuanã","Juína",27101,2026,2026-07-01,3,1,11.069702,3.689901,11.296031327660216,3.7653437758867385,50.0,0.0,40.94,"Moderado",blocked
5104500,"Indiavaí","Mirassol D'oeste",2150,2026,2026-07-01,1,1,46.511628,46.511628,9.754194303550527,9.754194303550527,0.0,0.0,40.86,"Moderado",blocked
5100250,"Alta Floresta","Alta Floresta",63017,2026,2026-07-01,5,3,7.934367,4.760620,8.044016860259338,4.8264101161556034,80.0,0.0,40.46,"Moderado",blocked
5107875,"Sapezal","Tangará da Serra",33520,2026,2026-07-01,10,1,29.832936,2.983294,235.2941176470588,23.529411764705884,10.0,10.0,39.94,"Moderado",blocked
5106232,"Nova Olímpia","Tangará da Serra",16094,2026,2026-07-01,3,1,18.640487,6.213496,52.58545135845749,17.5284837861525,66.66666666666666,0.0,39.75,"Moderado",blocked
5101258,"Araputanga","Mirassol D'oeste",14756,2026,2026-07-01,12,3,81.322852,20.330713,81.05369807497466,20.263424518743665,33.33333333333333,0.0,39.66,"Moderado",blocked
5105606,"Matupá","Peixoto de Azevedo - Guarantã do Norte",22497,2026,2026-07-01,1,1,4.445037,4.445037,4.553941436313129,4.553941436313129,0.0,0.0,39.42,"Moderado",blocked
5100607,"Alto Taquari","Rondonópolis",12136,2026,2026-07-01,2,0,16.479895,0.000000,16.839269175717774,0,100.0,0.0,38.87,"Moderado",blocked
5105507,"Vila Bela da Santíssima Trindade","Pontes e Lacerda - Comodoro",17798,2026,2026-07-01,2,1,11.237218,5.618609,2.0878570235510274,1.0439285117755137,0.0,0.0,38.02,"Moderado",blocked
5103858,"Gaúcha do Norte","Água Boa",9610,2026,2026-07-01,10,1,104.058273,10.405827,327.22513089005236,32.72251308900524,22.22222222222222,0.0,37.97,"Moderado",blocked
5106240,"Nova Ubiratã","Sorriso",9929,2026,2026-07-01,2,0,20.143015,0.000000,23.61275088547816,0,100.0,0.0,37.63,"Moderado",blocked
5104203,"Guiratinga","Rondonópolis",9975,2026,2026-07-01,1,0,10.025063,0.000000,3.2042039155371844,0,100.0,0.0,37.01,"Moderado",blocked
5108105,"Tesouro","Rondonópolis",2893,2026,2026-07-01,1,0,34.566194,0.000000,9.441979038806533,0,100.0,0.0,36.96,"Moderado",blocked
5108352,"Vale de São Domingos","Pontes e Lacerda - Comodoro",3043,2026,2026-07-01,1,0,32.862307,0.000000,25.614754098360656,0,100.0,0.0,36.88,"Moderado",blocked
5106265,"Novo Mundo","Peixoto de Azevedo - Guarantã do Norte",6292,2026,2026-07-01,1,0,15.893198,0.000000,6.171315724512466,0,100.0,0.0,36.75,"Moderado",blocked
5106299,"Paranaíta","Alta Floresta",12167,2026,2026-07-01,2,0,16.437906,0.000000,7.717538105344395,0,100.0,0.0,36.72,"Moderado",blocked
5103452,"Denise","Tangará da Serra",6536,2026,2026-07-01,1,0,15.299878,0.000000,20.120724346076457,0,100.0,0.0,36.28,"Moderado",blocked
5105259,"Lucas do Rio Verde","Sorriso",99291,2026,2026-07-01,2,0,2.014281,0.000000,17.208742040956807,0,100.0,0.0,35.95,"Moderado",blocked
5106653,"Pontal do Araguaia","Barra do Garças",7580,2026,2026-07-01,1,0,13.192612,0.000000,5.278158978148422,0,100.0,0.0,35.58,"Moderado",blocked
5105580,"Marcelândia","Sinop",11298,2026,2026-07-01,10,0,88.511241,0.000000,382.262996941896,0,60.0,10.0,35.5,"Moderado",blocked
5102637,"Campo Novo do Parecis","Tangará da Serra",53393,2026,2026-07-01,3,0,5.618714,0.000000,5.800239743242721,0,100.0,0.0,34.97,"Moderado",blocked
5107701,"Rosário Oeste","Cuiabá",14848,2026,2026-07-01,2,0,13.469828,0.000000,13.296988232165415,0,100.0,0.0,33.97,"Moderado",blocked
5103437,"Curvelândia","Cáceres",4972,2026,2026-07-01,7,2,140.788415,40.225261,1.011743450767841,0.28906955736224027,85.71428571428571,0.0,33.8,"Moderado",blocked
5102504,"Cáceres","Cáceres",91908,2026,2026-07-01,54,12,58.754407,13.056535,58.84468272908562,13.076596162019026,40.38461538461539,0.0,33.65,"Moderado",blocked
5107206,"Rio Branco","Cáceres",4391,2026,2026-07-01,3,0,68.321567,0.000000,67.56756756756756,0,66.66666666666666,0.0,32.59,"Moderado",blocked
5107305,"São José do Rio Claro","Diamantino",14250,2026,2026-07-01,4,0,28.070175,0.000000,27.67208578346593,0,100.0,0.0,31.94,"Moderado",blocked
5103502,"Diamantino","Diamantino",22766,2026,2026-07-01,3,0,13.177545,0.000000,44.943820224719104,0,100.0,0.0,30.53,"Moderado",blocked
5107248,"Santa Carmem","Sinop",5912,2026,2026-07-01,3,0,50.744249,0.000000,51.76876617773944,0,0.0,100.0,30.22,"Moderado",blocked
5107107,"São José dos Quatro Marcos","Mirassol D'oeste",17613,2026,2026-07-01,5,0,28.388122,0.000000,16.077170418006432,0,60.0,0.0,30.19,"Moderado",blocked
5108006,"Tapurah","Sorriso",16001,2026,2026-07-01,5,0,31.248047,0.000000,4.362887533485162,0,75.0,0.0,30.18,"Moderado",blocked
5107602,"Rondonópolis","Rondonópolis",268202,2026,2026-07-01,43,7,16.032692,2.609973,16.305914117129554,2.654451135346671,47.5,2.5,30.0,"Moderado",blocked
5103106,"Cocalinho","Água Boa",6560,2026,2026-07-01,2,0,30.487805,0.000000,30.792917628945343,0,50.0,0.0,29.85,"Moderado",blocked
5105903,"Nobres","Cuiabá",15838,2026,2026-07-01,5,0,31.569643,0.000000,31.653583185616608,0,60.0,0.0,29.77,"Moderado",blocked
5103957,"Glória D'Oeste","Mirassol D'oeste",2858,2026,2026-07-01,4,0,139.958013,0.000000,63.30115524608325,0,50.0,0.0,29.75,"Moderado",blocked
5105622,"Mirassol d'Oeste","Mirassol D'oeste",27763,2026,2026-07-01,4,0,14.407665,0.000000,18.215765745252515,0,50.0,0.0,29.28,"Moderado",blocked
5101308,"Arenápolis","Diamantino",10791,2026,2026-07-01,2,0,18.533963,0.000000,18.571826539140122,0,100.0,0.0,28.96,"Moderado",blocked
5106851,"Porto Estrela","Tangará da Serra",3102,2026,2026-07-01,2,0,64.474533,0.000000,63.673989175421845,0,100.0,0.0,28.71,"Moderado",blocked
5105002,"Jauru","Mirassol D'oeste",7522,2026,2026-07-01,2,0,26.588673,0.000000,26.97963037906381,0,50.0,0.0,28.61,"Moderado",blocked
5102678,"Campo Verde","Cuiabá",51969,2026,2026-07-01,4,0,7.696896,0.000000,8.154445191935254,0,50.0,0.0,28.48,"Moderado",blocked
5105101,"Juara","Juara",36276,2026,2026-07-01,12,1,33.079722,2.756644,152.26494099733537,12.688745083111279,22.22222222222222,0.0,27.92,"Moderado",blocked
5107958,"Tangará da Serra","Tangará da Serra",116637,2026,2026-07-01,3,0,2.572083,0.000000,30.31834259727135,0,66.66666666666666,0.0,27.83,"Moderado",blocked
5106802,"Porto dos Gaúchos","Juara",5720,2026,2026-07-01,5,1,87.412587,17.482517,67.1952694530305,13.439053890606102,0.0,0.0,27.35,"Moderado",blocked
5107925,"Sorriso","Sorriso",128727,2026,2026-07-01,43,2,33.404026,1.553676,19.215300741799982,0.8937349182232549,17.94871794871795,0.0,26.4,"Moderado",blocked
5106216,"Nova Canaã do Norte","Sinop",11697,2026,2026-07-01,4,0,34.196803,0.000000,34.088972217487644,0,25.0,0.0,26.36,"Moderado",blocked
5105150,"Juína","Juína",48987,2026,2026-07-01,5,0,10.206790,0.000000,13.85463714705312,0,50.0,0.0,25.92,"Moderado",blocked
5102603,"Campinápolis","Água Boa",15902,2026,2026-07-01,20,2,125.770343,12.577034,126.51821862348179,12.651821862348179,0.0,0.0,25.84,"Moderado",blocked
5100201,"Água Boa","Água Boa",32876,2026,2026-07-01,2,0,6.083465,0.000000,6.230723698557587,0,50.0,0.0,25.76,"Moderado",blocked
5106208,"Nova Brasilândia","Cuiabá",3730,2026,2026-07-01,1,0,26.809651,0.000000,26.37826431020839,0,0.0,0.0,24.35,"Baixo",blocked
5103254,"Colniza","Juína",25963,2026,2026-07-01,12,0,46.219620,0.000000,46.107738415430724,0,36.36363636363637,0.0,24.19,"Baixo",blocked
5103304,"Comodoro","Pontes e Lacerda - Comodoro",18477,2026,2026-07-01,4,0,21.648536,0.000000,21.657913260057395,0,25.0,0.0,24.02,"Baixo",blocked
5108808,"Nova Guarita","Sinop",4513,2026,2026-07-01,1,0,22.158210,0.000000,21.99736031676199,0,0.0,0.0,22.81,"Baixo",blocked
5108956,"Nova Monte Verde","Alta Floresta",8489,2026,2026-07-01,1,0,11.779951,0.000000,11.80637544273908,0,0.0,0.0,22.74,"Baixo",blocked
5101803,"Barra do Garças","Barra do Garças",75524,2026,2026-07-01,28,4,37.074308,5.296330,37.9003221527383,5.4143317361054715,3.7037037037037033,0.0,22.74,"Baixo",blocked
5107156,"Reserva do Cabaçal","Mirassol D'oeste",1978,2026,2026-07-01,2,0,101.112235,0.000000,99.00990099009901,0,0.0,0.0,21.35,"Baixo",blocked
5103379,"Cotriguaçu","Juína",9665,2026,2026-07-01,1,0,10.346611,0.000000,25.588536335721596,0,0.0,0.0,20.55,"Baixo",blocked
5106372,"Pedra Preta","Rondonópolis",19168,2026,2026-07-01,4,0,20.868114,0.000000,195.98236158745712,0,0.0,0.0,20.31,"Baixo",blocked
5107065,"Querência","Água Boa",32368,2026,2026-07-01,36,0,111.220959,0.000000,37.49765639647522,0,0.0,3.225806451612903,20.1,"Baixo",blocked
5101605,"Barão de Melgaço","Cuiabá",7071,2026,2026-07-01,2,0,28.284542,0.000000,28.022978842650975,0,0.0,0.0,19.96,"Baixo",blocked
5103056,"Cláudia","Sinop",9168,2026,2026-07-01,2,0,21.815009,0.000000,21.503064186646597,0,0.0,0.0,18.64,"Baixo",blocked
5106000,"Nortelândia","Diamantino",5845,2026,2026-07-01,1,0,17.108640,0.000000,6.330716637123322,0,0.0,0.0,17.86,"Baixo",blocked
5107750,"Salto do Céu","Cáceres",3636,2026,2026-07-01,2,0,55.005501,0.000000,54.68963631391851,0,0.0,0.0,17.48,"Baixo",blocked
5103809,"Figueirópolis D'Oeste","Mirassol D'oeste",3000,2026,2026-07-01,5,0,166.666667,0.000000,47.51496721467262,0,0.0,0.0,17.11,"Baixo",blocked
5103700,"Feliz Natal","Sinop",10482,2026,2026-07-01,5,0,47.700820,0.000000,63.371356147021544,0,0.0,0.0,16.57,"Baixo",blocked
5103361,"Conquista D'Oeste","Pontes e Lacerda - Comodoro",3941,2026,2026-07-01,1,0,25.374270,0.000000,25.588536335721596,0,0.0,0.0,16.44,"Baixo",blocked
5108055,"Terra Nova do Norte","Sinop",10541,2026,2026-07-01,2,1,18.973532,9.486766,12.78935925310142,6.39467962655071,0.0,0.0,15.91,"Baixo",blocked
5101837,"Boa Esperança do Norte","Sorriso",5983,2026,2026-07-01,1,0,16.714023,0.000000,,,0.0,0.0,15.0,"Baixo",blocked
5100102,"Acorizal","Cuiabá",4907,2026,2026-07-01,0,0,0.000000,0.000000,0,0,,,11.38,"Baixo",blocked
5104906,"Jangada","Cuiabá",7380,2026,2026-07-01,0,0,0.000000,0.000000,0,0,,,10.91,"Baixo",blocked
5101001,"Araguaiana","Barra do Garças",4059,2026,2026-07-01,1,0,24.636610,0.000000,24.968789013732835,0,,,10.72,"Baixo",blocked
5107354,"São José do Xingu","Confresa - Vila Rica",6299,2026,2026-07-01,0,0,0.000000,0.000000,0,0,,,10.06,"Baixo",blocked
5107180,"Ribeirão Cascalheira","Água Boa",10650,2026,2026-07-01,2,0,18.779343,0.000000,18.97353192296746,0,,,9.45,"Baixo",blocked
5106158,"Nova Bandeirantes","Alta Floresta",14519,2026,2026-07-01,1,0,6.887527,0.000000,8.577800651912849,0,,,9.43,"Baixo",blocked
5105200,"Juscimeira","Jaciara",11728,2026,2026-07-01,0,0,0.000000,0.000000,0,0,,,8.99,"Baixo",blocked
5105176,"Juruena","Juína",9965,2026,2026-07-01,0,0,0.000000,0.000000,0,0,,,8.85,"Baixo",blocked
5106778,"Porto Alegre do Norte","Confresa - Vila Rica",12774,2026,2026-07-01,0,0,0.000000,0.000000,0,0,,,8.83,"Baixo",blocked
5100508,"Alto Paraguai","Diamantino",7335,2026,2026-07-01,0,0,0.000000,0.000000,0,0,,,8.8,"Baixo",blocked
5107008,"Poxoréu","Primavera do Leste",25614,2026,2026-07-01,0,0,0.000000,0.000000,0,0,,,8.62,"Baixo",blocked
5106703,"Ponte Branca","Barra do Garças",2119,2026,2026-07-01,0,0,0.000000,0.000000,0,0,,,8.44,"Baixo",blocked
5102793,"Carlinda","Alta Floresta",10196,2026,2026-07-01,0,0,0.000000,0.000000,0,0,,,8.43,"Baixo",blocked
5106174,"Nova Nazaré","Água Boa",4681,2026,2026-07-01,0,0,0.000000,0.000000,0,0,,,8.29,"Baixo",blocked
5103908,"General Carneiro","Barra do Garças",5913,2026,2026-07-01,0,0,0.000000,0.000000,0,0,,,7.73,"Baixo",blocked
5106315,"Novo Santo Antônio","Confresa - Vila Rica",2041,2026,2026-07-01,0,0,0.000000,0.000000,0,0,,,7.61,"Baixo",blocked
5108907,"Nova Maringá","Diamantino",5636,2026,2026-07-01,0,0,0.000000,0.000000,0,0,,,6.96,"Baixo",blocked
5106307,"Paranatinga","Primavera do Leste",29528,2026,2026-07-01,0,0,0.000000,0.000000,0,0,,,6.95,"Baixo",blocked
5105309,"Luciara","Confresa - Vila Rica",2642,2026,2026-07-01,0,0,0.000000,0.000000,0,0,,,6.85,"Baixo",blocked
5106455,"Planalto da Serra","Cuiabá",3369,2026,2026-07-01,0,0,0.000000,0.000000,0,0,,,6.84,"Baixo",blocked
5104609,"Itiquira","Rondonópolis",12654,2026,2026-07-01,0,0,0.000000,0.000000,0,0,,,6.63,"Baixo",blocked
5102850,"Castanheira","Juína",7325,2026,2026-07-01,0,0,0.000000,0.000000,0,0,,,6.54,"Baixo",blocked
5107404,"São Pedro da Cipa","Jaciara",4253,2026,2026-07-01,0,0,0.000000,0.000000,0,0,,,6.39,"Baixo",blocked
5106281,"Novo São Joaquim","Barra do Garças",7317,2026,2026-07-01,0,0,0.000000,0.000000,0,0,,,6.29,"Baixo",blocked
5103601,"Dom Aquino","Jaciara",7865,2026,2026-07-01,0,0,0.000000,0.000000,0,0,,,6.08,"Baixo",blocked
5101209,"Araguainha","Rondonópolis",989,2026,2026-07-01,0,0,0.000000,0.000000,0,0,,,5.83,"Baixo",blocked
5107859,"São Félix do Araguaia","Confresa - Vila Rica",14873,2026,2026-07-01,0,0,0.000000,0.000000,0,0,,,5.75,"Baixo",blocked
5107198,"Ribeirãozinho","Barra do Garças",2768,2026,2026-07-01,0,0,0.000000,0.000000,0,0,,,5.74,"Baixo",blocked
5107297,"São José do Povo","Rondonópolis",2653,2026,2026-07-01,0,0,0.000000,0.000000,0,0,,,5.72,"Baixo",blocked
5107792,"Santo Antônio do Leste","Primavera do Leste",4275,2026,2026-07-01,0,0,0.000000,0.000000,0,0,,,5.64,"Baixo",blocked
5100359,"Alto Boa Vista","Confresa - Vila Rica",5966,2026,2026-07-01,0,0,0.000000,0.000000,0,0,,,5.5,"Baixo",blocked
5100300,"Alto Araguaia","Rondonópolis",17888,2026,2026-07-01,0,0,0.000000,0.000000,0,0,,,5.46,"Baixo",blocked
5107776,"Santa Terezinha","Confresa - Vila Rica",7754,2026,2026-07-01,0,0,0.000000,0.000000,0,0,,,5.39,"Baixo",blocked
5104542,"Itanhangá","Sorriso",8463,2026,2026-07-01,0,0,0.000000,0.000000,0,0,,,5.38,"Baixo",blocked
5107768,"Santa Rita do Trivelato","Sorriso",3609,2026,2026-07-01,0,0,0.000000,0.000000,0,0,,,5.31,"Baixo",blocked
5107743,"Santa Cruz do Xingu","Confresa - Vila Rica",2974,2026,2026-07-01,0,0,0.000000,0.000000,0,0,,,5.28,"Baixo",blocked
5106257,"Nova Xavantina","Barra do Garças",26340,2026,2026-07-01,0,0,0.000000,0.000000,0,0,,,5.06,"Baixo",blocked
5107578,"Rondolândia","Juína",3508,2026,2026-07-01,1,0,28.506271,0.000000,28.425241614553723,0,,,4.95,"Baixo",blocked
5101852,"Bom Jesus do Araguaia","Confresa - Vila Rica",8091,2026,2026-07-01,0,0,0.000000,0.000000,0,0,,,4.92,"Baixo",blocked
5107883,"Serra Nova Dourada","Confresa - Vila Rica",1981,2026,2026-07-01,0,0,0.000000,0.000000,0,0,,,4.82,"Baixo",blocked
5102694,"Canabrava do Norte","Confresa - Vila Rica",4422,2026,2026-07-01,1,0,22.614202,0.000000,22.46686137946529,0,,,4.82,"Baixo",blocked
