codigo_ibge,NM_MUN,populacao,notificacoes,casos_recentes,incidencia_100k_legacy,incidencia_100k_recalculada,diferenca_abs,incidencia_recente_100k_legacy,incidencia_recente_100k_recalculada,diferenca_recente_abs
5106828,"Porto Esperidião",10011,4,1,190.65776930409913,39.956048,150.701721,47.66444232602478,9.989012,37.675430
5100805,"Apiacás",8693,3,3,34.51052571034165,34.510526,0.000000,34.51052571034165,34.510526,0.000000
5107263,"Santo Afonso",2372,1,1,41.390728476821195,42.158516,0.767788,41.390728476821195,42.158516,0.767788
5103007,"Chapada dos Guimarães",19541,48,11,246.68516805427072,245.637378,1.047790,56.53201767910371,56.291899,0.240119
5102686,"Campos de Júlio",10281,7,3,70.38005228232456,68.086762,2.293290,30.162879549567666,29.180041,0.982839
5108303,"União do Sul",3910,1,1,23.596035865974518,25.575448,1.979412,23.596035865974518,25.575448,1.979412
5106109,"Nossa Senhora do Livramento",11659,4,2,67.91171477079797,34.308260,33.603455,33.955857385398986,17.154130,16.801728
5103403,"Cuiabá",698917,537,65,5353.938185443669,76.833158,5277.105028,648.0558325024925,9.300103,638.755730
5106182,"Nova Lacerda",7178,2,2,43.99472063352398,27.862914,16.131806,43.99472063352398,27.862914,16.131806
5108501,"Vera",10930,3,1,27.886224205242613,27.447392,0.438832,9.295408068414202,9.149131,0.146277
5107941,"Tabaporã",9882,1,0,0.8021497613604459,10.119409,9.317259,0,0.000000,0.000000
5106273,"Novo Horizonte do Norte",3227,22,6,488.6717014660151,681.747753,193.076052,133.27410039982232,185.931205,52.657105
5106190,"Nova Santa Helena",4572,7,2,98.98190045248869,153.105862,54.123961,28.280542986425342,43.744532,15.463989
5108204,"Torixoréu",4245,1,1,34.07155025553663,23.557126,10.514424,34.07155025553663,23.557126,10.514424
5108402,"Várzea Grande",323172,343,64,11860.30428769018,106.135433,11754.168855,2213.001383125865,19.803696,2193.197687
5108600,"Vila Rica",19545,1,0,5.079752108097125,5.116398,0.036646,0,0.000000,0.000000
5106752,"Pontes e Lacerda",56720,56,6,1682.6923076923076,98.730606,1583.961701,180.28846153846155,10.578279,169.710182
5107909,"Sinop",231452,220,38,11334.363730036064,95.052106,11239.311624,1957.7537351880476,16.418091,1941.335644
5105234,"Lambari D'Oeste",4602,5,0,49.716615292830866,108.648414,58.931798,0,0.000000,0.000000
5100409,"Alto Garças",14201,3,1,21.496130696474633,21.125273,0.370858,7.165376898824879,7.041758,0.123619
5101704,"Barra do Bugres",29238,5,1,17.003332653200026,17.101033,0.097700,3.400666530640005,3.420207,0.019540
5108857,"Nova Marilândia",3784,1,1,26.80246582685607,26.427061,0.375405,26.80246582685607,26.427061,0.375405
5103353,"Confresa",39368,2,0,5.200208008320333,5.080268,0.119940,0,0.000000,0.000000
5106422,"Peixoto de Azevedo",33907,11,2,151.95468987429203,32.441679,119.513011,27.628125431689462,5.898487,21.729638
5107800,"Santo Antônio de Leverger",16882,6,0,35.631569570639584,35.540813,0.090757,0,0.000000,0.000000
5107040,"Primavera do Leste",99053,123,17,489.9812771381906,124.175946,365.805331,67.72098952316456,17.162529,50.558460
5106505,"Poconé",31138,5,1,17.319016279875303,16.057550,1.261466,3.4638032559750607,3.211510,0.252293
5104807,"Jaciara",30044,8,0,63.55763883371733,26.627613,36.930026,0,0.000000,0.000000
5101902,"Brasnorte",17793,3,1,17.00198356474922,16.860563,0.141420,5.667327854916407,5.620188,0.047140
5102702,"Canarana",28985,4,1,14.122299110295156,13.800242,0.322058,3.530574777573789,3.450060,0.080514
5103205,"Colíder",32099,47,14,146.6275659824047,146.422007,0.205559,43.67629625007799,43.615066,0.061230
5104104,"Guarantã do Norte",31092,13,5,451.70257123002085,41.811398,409.891173,173.73175816539265,16.081307,157.650451
5106224,"Nova Mutum",65663,3,0,80.4073974805682,4.568783,75.838614,0,0.000000,0.000000
5104526,"Ipiranga do Norte",8904,2,1,92.08103130755065,22.461815,69.619216,46.04051565377532,11.230907,34.809608
5104559,"Itaúba",5241,2,0,24.221872350732713,38.160656,13.938784,0,0.000000,0.000000
5101407,"Aripuanã",27101,3,1,11.296031327660216,11.069702,0.226329,3.7653437758867385,3.689901,0.075443
5104500,"Indiavaí",2150,1,1,9.754194303550527,46.511628,36.757434,9.754194303550527,46.511628,36.757434
5100250,"Alta Floresta",63017,5,3,8.044016860259338,7.934367,0.109650,4.8264101161556034,4.760620,0.065790
5107875,"Sapezal",33520,10,1,235.2941176470588,29.832936,205.461182,23.529411764705884,2.983294,20.546118
5106232,"Nova Olímpia",16094,3,1,52.58545135845749,18.640487,33.944964,17.5284837861525,6.213496,11.314988
5101258,"Araputanga",14756,12,3,81.05369807497466,81.322852,0.269154,20.263424518743665,20.330713,0.067288
5105606,"Matupá",22497,1,1,4.553941436313129,4.445037,0.108904,4.553941436313129,4.445037,0.108904
5100607,"Alto Taquari",12136,2,0,16.839269175717774,16.479895,0.359375,0,0.000000,0.000000
5105507,"Vila Bela da Santíssima Trindade",17798,2,1,2.0878570235510274,11.237218,9.149361,1.0439285117755137,5.618609,4.574680
5103858,"Gaúcha do Norte",9610,10,1,327.22513089005236,104.058273,223.166858,32.72251308900524,10.405827,22.316686
5106240,"Nova Ubiratã",9929,2,0,23.61275088547816,20.143015,3.469735,0,0.000000,0.000000
5104203,"Guiratinga",9975,1,0,3.2042039155371844,10.025063,6.820859,0,0.000000,0.000000
5108105,"Tesouro",2893,1,0,9.441979038806533,34.566194,25.124215,0,0.000000,0.000000
5108352,"Vale de São Domingos",3043,1,0,25.614754098360656,32.862307,7.247553,0,0.000000,0.000000
5106265,"Novo Mundo",6292,1,0,6.171315724512466,15.893198,9.721882,0,0.000000,0.000000
5106299,"Paranaíta",12167,2,0,7.717538105344395,16.437906,8.720368,0,0.000000,0.000000
5103452,"Denise",6536,1,0,20.120724346076457,15.299878,4.820847,0,0.000000,0.000000
5105259,"Lucas do Rio Verde",99291,2,0,17.208742040956807,2.014281,15.194461,0,0.000000,0.000000
5106653,"Pontal do Araguaia",7580,1,0,5.278158978148422,13.192612,7.914453,0,0.000000,0.000000
5105580,"Marcelândia",11298,10,0,382.262996941896,88.511241,293.751756,0,0.000000,0.000000
5102637,"Campo Novo do Parecis",53393,3,0,5.800239743242721,5.618714,0.181526,0,0.000000,0.000000
5107701,"Rosário Oeste",14848,2,0,13.296988232165415,13.469828,0.172839,0,0.000000,0.000000
5103437,"Curvelândia",4972,7,2,1.011743450767841,140.788415,139.776672,0.28906955736224027,40.225261,39.936192
5102504,"Cáceres",91908,54,12,58.84468272908562,58.754407,0.090276,13.076596162019026,13.056535,0.020061
5107206,"Rio Branco",4391,3,0,67.56756756756756,68.321567,0.753999,0,0.000000,0.000000
5107305,"São José do Rio Claro",14250,4,0,27.67208578346593,28.070175,0.398090,0,0.000000,0.000000
5103502,"Diamantino",22766,3,0,44.943820224719104,13.177545,31.766275,0,0.000000,0.000000
5107248,"Santa Carmem",5912,3,0,51.76876617773944,50.744249,1.024517,0,0.000000,0.000000
5107107,"São José dos Quatro Marcos",17613,5,0,16.077170418006432,28.388122,12.310952,0,0.000000,0.000000
5108006,"Tapurah",16001,5,0,4.362887533485162,31.248047,26.885159,0,0.000000,0.000000
5107602,"Rondonópolis",268202,43,7,16.305914117129554,16.032692,0.273222,2.654451135346671,2.609973,0.044478
5103106,"Cocalinho",6560,2,0,30.792917628945343,30.487805,0.305113,0,0.000000,0.000000
5105903,"Nobres",15838,5,0,31.653583185616608,31.569643,0.083941,0,0.000000,0.000000
5103957,"Glória D'Oeste",2858,4,0,63.30115524608325,139.958013,76.656857,0,0.000000,0.000000
5105622,"Mirassol d'Oeste",27763,4,0,18.215765745252515,14.407665,3.808101,0,0.000000,0.000000
5101308,"Arenápolis",10791,2,0,18.571826539140122,18.533963,0.037863,0,0.000000,0.000000
5106851,"Porto Estrela",3102,2,0,63.673989175421845,64.474533,0.800543,0,0.000000,0.000000
5105002,"Jauru",7522,2,0,26.97963037906381,26.588673,0.390957,0,0.000000,0.000000
5102678,"Campo Verde",51969,4,0,8.154445191935254,7.696896,0.457549,0,0.000000,0.000000
5105101,"Juara",36276,12,1,152.26494099733537,33.079722,119.185219,12.688745083111279,2.756644,9.932102
5107958,"Tangará da Serra",116637,3,0,30.31834259727135,2.572083,27.746260,0,0.000000,0.000000
5106802,"Porto dos Gaúchos",5720,5,1,67.1952694530305,87.412587,20.217318,13.439053890606102,17.482517,4.043464
5107925,"Sorriso",128727,43,2,19.215300741799982,33.404026,14.188725,0.8937349182232549,1.553676,0.659941
5106216,"Nova Canaã do Norte",11697,4,0,34.088972217487644,34.196803,0.107830,0,0.000000,0.000000
5105150,"Juína",48987,5,0,13.85463714705312,10.206790,3.647848,0,0.000000,0.000000
5102603,"Campinápolis",15902,20,2,126.51821862348179,125.770343,0.747875,12.651821862348179,12.577034,0.074788
5100201,"Água Boa",32876,2,0,6.230723698557587,6.083465,0.147259,0,0.000000,0.000000
5106208,"Nova Brasilândia",3730,1,0,26.37826431020839,26.809651,0.431387,0,0.000000,0.000000
5103254,"Colniza",25963,12,0,46.107738415430724,46.219620,0.111882,0,0.000000,0.000000
5103304,"Comodoro",18477,4,0,21.657913260057395,21.648536,0.009377,0,0.000000,0.000000
5108808,"Nova Guarita",4513,1,0,21.99736031676199,22.158210,0.160849,0,0.000000,0.000000
5108956,"Nova Monte Verde",8489,1,0,11.80637544273908,11.779951,0.026425,0,0.000000,0.000000
5101803,"Barra do Garças",75524,28,4,37.9003221527383,37.074308,0.826015,5.4143317361054715,5.296330,0.118002
5107156,"Reserva do Cabaçal",1978,2,0,99.00990099009901,101.112235,2.102334,0,0.000000,0.000000
5103379,"Cotriguaçu",9665,1,0,25.588536335721596,10.346611,15.241925,0,0.000000,0.000000
5106372,"Pedra Preta",19168,4,0,195.98236158745712,20.868114,175.114248,0,0.000000,0.000000
5107065,"Querência",32368,36,0,37.49765639647522,111.220959,73.723303,0,0.000000,0.000000
5101605,"Barão de Melgaço",7071,2,0,28.022978842650975,28.284542,0.261564,0,0.000000,0.000000
5103056,"Cláudia",9168,2,0,21.503064186646597,21.815009,0.311945,0,0.000000,0.000000
5106000,"Nortelândia",5845,1,0,6.330716637123322,17.108640,10.777923,0,0.000000,0.000000
5107750,"Salto do Céu",3636,2,0,54.68963631391851,55.005501,0.315864,0,0.000000,0.000000
5103809,"Figueirópolis D'Oeste",3000,5,0,47.51496721467262,166.666667,119.151699,0,0.000000,0.000000
5103700,"Feliz Natal",10482,5,0,63.371356147021544,47.700820,15.670536,0,0.000000,0.000000
5103361,"Conquista D'Oeste",3941,1,0,25.588536335721596,25.374270,0.214266,0,0.000000,0.000000
5108055,"Terra Nova do Norte",10541,2,1,12.78935925310142,18.973532,6.184173,6.39467962655071,9.486766,3.092086
5101837,"Boa Esperança do Norte",5983,1,0,,16.714023,,,0.000000,
5100102,"Acorizal",4907,0,0,0,0.000000,0.000000,0,0.000000,0.000000
5104906,"Jangada",7380,0,0,0,0.000000,0.000000,0,0.000000,0.000000
5101001,"Araguaiana",4059,1,0,24.968789013732835,24.636610,0.332179,0,0.000000,0.000000
5107354,"São José do Xingu",6299,0,0,0,0.000000,0.000000,0,0.000000,0.000000
5107180,"Ribeirão Cascalheira",10650,2,0,18.97353192296746,18.779343,0.194189,0,0.000000,0.000000
5106158,"Nova Bandeirantes",14519,1,0,8.577800651912849,6.887527,1.690274,0,0.000000,0.000000
5105200,"Juscimeira",11728,0,0,0,0.000000,0.000000,0,0.000000,0.000000
5105176,"Juruena",9965,0,0,0,0.000000,0.000000,0,0.000000,0.000000
5106778,"Porto Alegre do Norte",12774,0,0,0,0.000000,0.000000,0,0.000000,0.000000
5100508,"Alto Paraguai",7335,0,0,0,0.000000,0.000000,0,0.000000,0.000000
5107008,"Poxoréu",25614,0,0,0,0.000000,0.000000,0,0.000000,0.000000
5106703,"Ponte Branca",2119,0,0,0,0.000000,0.000000,0,0.000000,0.000000
5102793,"Carlinda",10196,0,0,0,0.000000,0.000000,0,0.000000,0.000000
5106174,"Nova Nazaré",4681,0,0,0,0.000000,0.000000,0,0.000000,0.000000
5103908,"General Carneiro",5913,0,0,0,0.000000,0.000000,0,0.000000,0.000000
5106315,"Novo Santo Antônio",2041,0,0,0,0.000000,0.000000,0,0.000000,0.000000
5108907,"Nova Maringá",5636,0,0,0,0.000000,0.000000,0,0.000000,0.000000
5106307,"Paranatinga",29528,0,0,0,0.000000,0.000000,0,0.000000,0.000000
5105309,"Luciara",2642,0,0,0,0.000000,0.000000,0,0.000000,0.000000
5106455,"Planalto da Serra",3369,0,0,0,0.000000,0.000000,0,0.000000,0.000000
5104609,"Itiquira",12654,0,0,0,0.000000,0.000000,0,0.000000,0.000000
5102850,"Castanheira",7325,0,0,0,0.000000,0.000000,0,0.000000,0.000000
5107404,"São Pedro da Cipa",4253,0,0,0,0.000000,0.000000,0,0.000000,0.000000
5106281,"Novo São Joaquim",7317,0,0,0,0.000000,0.000000,0,0.000000,0.000000
5103601,"Dom Aquino",7865,0,0,0,0.000000,0.000000,0,0.000000,0.000000
5101209,"Araguainha",989,0,0,0,0.000000,0.000000,0,0.000000,0.000000
5107859,"São Félix do Araguaia",14873,0,0,0,0.000000,0.000000,0,0.000000,0.000000
5107198,"Ribeirãozinho",2768,0,0,0,0.000000,0.000000,0,0.000000,0.000000
5107297,"São José do Povo",2653,0,0,0,0.000000,0.000000,0,0.000000,0.000000
5107792,"Santo Antônio do Leste",4275,0,0,0,0.000000,0.000000,0,0.000000,0.000000
5100359,"Alto Boa Vista",5966,0,0,0,0.000000,0.000000,0,0.000000,0.000000
5100300,"Alto Araguaia",17888,0,0,0,0.000000,0.000000,0,0.000000,0.000000
5107776,"Santa Terezinha",7754,0,0,0,0.000000,0.000000,0,0.000000,0.000000
5104542,"Itanhangá",8463,0,0,0,0.000000,0.000000,0,0.000000,0.000000
5107768,"Santa Rita do Trivelato",3609,0,0,0,0.000000,0.000000,0,0.000000,0.000000
5107743,"Santa Cruz do Xingu",2974,0,0,0,0.000000,0.000000,0,0.000000,0.000000
5106257,"Nova Xavantina",26340,0,0,0,0.000000,0.000000,0,0.000000,0.000000
5107578,"Rondolândia",3508,1,0,28.425241614553723,28.506271,0.081030,0,0.000000,0.000000
5101852,"Bom Jesus do Araguaia",8091,0,0,0,0.000000,0.000000,0,0.000000,0.000000
5107883,"Serra Nova Dourada",1981,0,0,0,0.000000,0.000000,0,0.000000,0.000000
5102694,"Canabrava do Norte",4422,1,0,22.46686137946529,22.614202,0.147340,0,0.000000,0.000000
