codigo_ibge,municipio,populacao,ano_populacao,data_referencia_populacao,fonte_populacao
5100102,"Acorizal",4907,2026,2026-07-01,"IBGE - Estimativas da População 2026"
5100201,"Água Boa",32876,2026,2026-07-01,"IBGE - Estimativas da População 2026"
5100250,"Alta Floresta",63017,2026,2026-07-01,"IBGE - Estimativas da População 2026"
5100300,"Alto Araguaia",17888,2026,2026-07-01,"IBGE - Estimativas da População 2026"
5100359,"Alto Boa Vista",5966,2026,2026-07-01,"IBGE - Estimativas da População 2026"
5100409,"Alto Garças",14201,2026,2026-07-01,"IBGE - Estimativas da População 2026"
5100508,"Alto Paraguai",7335,2026,2026-07-01,"IBGE - Estimativas da População 2026"
5100607,"Alto Taquari",12136,2026,2026-07-01,"IBGE - Estimativas da População 2026"
5100805,"Apiacás",8693,2026,2026-07-01,"IBGE - Estimativas da População 2026"
5101001,"Araguaiana",4059,2026,2026-07-01,"IBGE - Estimativas da População 2026"
5101209,"Araguainha",989,2026,2026-07-01,"IBGE - Estimativas da População 2026"
5101258,"Araputanga",14756,2026,2026-07-01,"IBGE - Estimativas da População 2026"
5101308,"Arenápolis",10791,2026,2026-07-01,"IBGE - Estimativas da População 2026"
5101407,"Aripuanã",27101,2026,2026-07-01,"IBGE - Estimativas da População 2026"
5101605,"Barão de Melgaço",7071,2026,2026-07-01,"IBGE - Estimativas da População 2026"
5101704,"Barra do Bugres",29238,2026,2026-07-01,"IBGE - Estimativas da População 2026"
5101803,"Barra do Garças",75524,2026,2026-07-01,"IBGE - Estimativas da População 2026"
5101837,"Boa Esperança do Norte",5983,2026,2026-07-01,"IBGE - Estimativas da População 2026"
5101852,"Bom Jesus do Araguaia",8091,2026,2026-07-01,"IBGE - Estimativas da População 2026"
5101902,"Brasnorte",17793,2026,2026-07-01,"IBGE - Estimativas da População 2026"
5102504,"Cáceres",91908,2026,2026-07-01,"IBGE - Estimativas da População 2026"
5102603,"Campinápolis",15902,2026,2026-07-01,"IBGE - Estimativas da População 2026"
5102637,"Campo Novo do Parecis",53393,2026,2026-07-01,"IBGE - Estimativas da População 2026"
5102678,"Campo Verde",51969,2026,2026-07-01,"IBGE - Estimativas da População 2026"
5102686,"Campos de Júlio",10281,2026,2026-07-01,"IBGE - Estimativas da População 2026"
5102694,"Canabrava do Norte",4422,2026,2026-07-01,"IBGE - Estimativas da População 2026"
5102702,"Canarana",28985,2026,2026-07-01,"IBGE - Estimativas da População 2026"
5102793,"Carlinda",10196,2026,2026-07-01,"IBGE - Estimativas da População 2026"
5102850,"Castanheira",7325,2026,2026-07-01,"IBGE - Estimativas da População 2026"
5103007,"Chapada dos Guimarães",19541,2026,2026-07-01,"IBGE - Estimativas da População 2026"
5103056,"Cláudia",9168,2026,2026-07-01,"IBGE - Estimativas da População 2026"
5103106,"Cocalinho",6560,2026,2026-07-01,"IBGE - Estimativas da População 2026"
5103205,"Colíder",32099,2026,2026-07-01,"IBGE - Estimativas da População 2026"
5103254,"Colniza",25963,2026,2026-07-01,"IBGE - Estimativas da População 2026"
5103304,"Comodoro",18477,2026,2026-07-01,"IBGE - Estimativas da População 2026"
5103353,"Confresa",39368,2026,2026-07-01,"IBGE - Estimativas da População 2026"
5103361,"Conquista D'Oeste",3941,2026,2026-07-01,"IBGE - Estimativas da População 2026"
5103379,"Cotriguaçu",9665,2026,2026-07-01,"IBGE - Estimativas da População 2026"
5103403,"Cuiabá",698917,2026,2026-07-01,"IBGE - Estimativas da População 2026"
5103437,"Curvelândia",4972,2026,2026-07-01,"IBGE - Estimativas da População 2026"
5103452,"Denise",6536,2026,2026-07-01,"IBGE - Estimativas da População 2026"
5103502,"Diamantino",22766,2026,2026-07-01,"IBGE - Estimativas da População 2026"
5103601,"Dom Aquino",7865,2026,2026-07-01,"IBGE - Estimativas da População 2026"
5103700,"Feliz Natal",10482,2026,2026-07-01,"IBGE - Estimativas da População 2026"
5103809,"Figueirópolis D'Oeste",3000,2026,2026-07-01,"IBGE - Estimativas da População 2026"
5103858,"Gaúcha do Norte",9610,2026,2026-07-01,"IBGE - Estimativas da População 2026"
5103908,"General Carneiro",5913,2026,2026-07-01,"IBGE - Estimativas da População 2026"
5103957,"Glória D'Oeste",2858,2026,2026-07-01,"IBGE - Estimativas da População 2026"
5104104,"Guarantã do Norte",31092,2026,2026-07-01,"IBGE - Estimativas da População 2026"
5104203,"Guiratinga",9975,2026,2026-07-01,"IBGE - Estimativas da População 2026"
5104500,"Indiavaí",2150,2026,2026-07-01,"IBGE - Estimativas da População 2026"
5104526,"Ipiranga do Norte",8904,2026,2026-07-01,"IBGE - Estimativas da População 2026"
5104542,"Itanhangá",8463,2026,2026-07-01,"IBGE - Estimativas da População 2026"
5104559,"Itaúba",5241,2026,2026-07-01,"IBGE - Estimativas da População 2026"
5104609,"Itiquira",12654,2026,2026-07-01,"IBGE - Estimativas da População 2026"
5104807,"Jaciara",30044,2026,2026-07-01,"IBGE - Estimativas da População 2026"
5104906,"Jangada",7380,2026,2026-07-01,"IBGE - Estimativas da População 2026"
5105002,"Jauru",7522,2026,2026-07-01,"IBGE - Estimativas da População 2026"
5105101,"Juara",36276,2026,2026-07-01,"IBGE - Estimativas da População 2026"
5105150,"Juína",48987,2026,2026-07-01,"IBGE - Estimativas da População 2026"
5105176,"Juruena",9965,2026,2026-07-01,"IBGE - Estimativas da População 2026"
5105200,"Juscimeira",11728,2026,2026-07-01,"IBGE - Estimativas da População 2026"
5105234,"Lambari D'Oeste",4602,2026,2026-07-01,"IBGE - Estimativas da População 2026"
5105259,"Lucas do Rio Verde",99291,2026,2026-07-01,"IBGE - Estimativas da População 2026"
5105309,"Luciara",2642,2026,2026-07-01,"IBGE - Estimativas da População 2026"
5105507,"Vila Bela da Santíssima Trindade",17798,2026,2026-07-01,"IBGE - Estimativas da População 2026"
5105580,"Marcelândia",11298,2026,2026-07-01,"IBGE - Estimativas da População 2026"
5105606,"Matupá",22497,2026,2026-07-01,"IBGE - Estimativas da População 2026"
5105622,"Mirassol d'Oeste",27763,2026,2026-07-01,"IBGE - Estimativas da População 2026"
5105903,"Nobres",15838,2026,2026-07-01,"IBGE - Estimativas da População 2026"
5106000,"Nortelândia",5845,2026,2026-07-01,"IBGE - Estimativas da População 2026"
5106109,"Nossa Senhora do Livramento",11659,2026,2026-07-01,"IBGE - Estimativas da População 2026"
5106158,"Nova Bandeirantes",14519,2026,2026-07-01,"IBGE - Estimativas da População 2026"
5106174,"Nova Nazaré",4681,2026,2026-07-01,"IBGE - Estimativas da População 2026"
5106182,"Nova Lacerda",7178,2026,2026-07-01,"IBGE - Estimativas da População 2026"
5106190,"Nova Santa Helena",4572,2026,2026-07-01,"IBGE - Estimativas da População 2026"
5106208,"Nova Brasilândia",3730,2026,2026-07-01,"IBGE - Estimativas da População 2026"
5106216,"Nova Canaã do Norte",11697,2026,2026-07-01,"IBGE - Estimativas da População 2026"
5106224,"Nova Mutum",65663,2026,2026-07-01,"IBGE - Estimativas da População 2026"
5106232,"Nova Olímpia",16094,2026,2026-07-01,"IBGE - Estimativas da População 2026"
5106240,"Nova Ubiratã",9929,2026,2026-07-01,"IBGE - Estimativas da População 2026"
5106257,"Nova Xavantina",26340,2026,2026-07-01,"IBGE - Estimativas da População 2026"
5106265,"Novo Mundo",6292,2026,2026-07-01,"IBGE - Estimativas da População 2026"
5106273,"Novo Horizonte do Norte",3227,2026,2026-07-01,"IBGE - Estimativas da População 2026"
5106281,"Novo São Joaquim",7317,2026,2026-07-01,"IBGE - Estimativas da População 2026"
5106299,"Paranaíta",12167,2026,2026-07-01,"IBGE - Estimativas da População 2026"
5106307,"Paranatinga",29528,2026,2026-07-01,"IBGE - Estimativas da População 2026"
5106315,"Novo Santo Antônio",2041,2026,2026-07-01,"IBGE - Estimativas da População 2026"
5106372,"Pedra Preta",19168,2026,2026-07-01,"IBGE - Estimativas da População 2026"
5106422,"Peixoto de Azevedo",33907,2026,2026-07-01,"IBGE - Estimativas da População 2026"
5106455,"Planalto da Serra",3369,2026,2026-07-01,"IBGE - Estimativas da População 2026"
5106505,"Poconé",31138,2026,2026-07-01,"IBGE - Estimativas da População 2026"
5106653,"Pontal do Araguaia",7580,2026,2026-07-01,"IBGE - Estimativas da População 2026"
5106703,"Ponte Branca",2119,2026,2026-07-01,"IBGE - Estimativas da População 2026"
5106752,"Pontes e Lacerda",56720,2026,2026-07-01,"IBGE - Estimativas da População 2026"
5106778,"Porto Alegre do Norte",12774,2026,2026-07-01,"IBGE - Estimativas da População 2026"
5106802,"Porto dos Gaúchos",5720,2026,2026-07-01,"IBGE - Estimativas da População 2026"
5106828,"Porto Esperidião",10011,2026,2026-07-01,"IBGE - Estimativas da População 2026"
5106851,"Porto Estrela",3102,2026,2026-07-01,"IBGE - Estimativas da População 2026"
5107008,"Poxoréu",25614,2026,2026-07-01,"IBGE - Estimativas da População 2026"
5107040,"Primavera do Leste",99053,2026,2026-07-01,"IBGE - Estimativas da População 2026"
5107065,"Querência",32368,2026,2026-07-01,"IBGE - Estimativas da População 2026"
5107107,"São José dos Quatro Marcos",17613,2026,2026-07-01,"IBGE - Estimativas da População 2026"
5107156,"Reserva do Cabaçal",1978,2026,2026-07-01,"IBGE - Estimativas da População 2026"
5107180,"Ribeirão Cascalheira",10650,2026,2026-07-01,"IBGE - Estimativas da População 2026"
5107198,"Ribeirãozinho",2768,2026,2026-07-01,"IBGE - Estimativas da População 2026"
5107206,"Rio Branco",4391,2026,2026-07-01,"IBGE - Estimativas da População 2026"
5107248,"Santa Carmem",5912,2026,2026-07-01,"IBGE - Estimativas da População 2026"
5107263,"Santo Afonso",2372,2026,2026-07-01,"IBGE - Estimativas da População 2026"
5107297,"São José do Povo",2653,2026,2026-07-01,"IBGE - Estimativas da População 2026"
5107305,"São José do Rio Claro",14250,2026,2026-07-01,"IBGE - Estimativas da População 2026"
5107354,"São José do Xingu",6299,2026,2026-07-01,"IBGE - Estimativas da População 2026"
5107404,"São Pedro da Cipa",4253,2026,2026-07-01,"IBGE - Estimativas da População 2026"
5107578,"Rondolândia",3508,2026,2026-07-01,"IBGE - Estimativas da População 2026"
5107602,"Rondonópolis",268202,2026,2026-07-01,"IBGE - Estimativas da População 2026"
5107701,"Rosário Oeste",14848,2026,2026-07-01,"IBGE - Estimativas da População 2026"
5107743,"Santa Cruz do Xingu",2974,2026,2026-07-01,"IBGE - Estimativas da População 2026"
5107750,"Salto do Céu",3636,2026,2026-07-01,"IBGE - Estimativas da População 2026"
5107768,"Santa Rita do Trivelato",3609,2026,2026-07-01,"IBGE - Estimativas da População 2026"
5107776,"Santa Terezinha",7754,2026,2026-07-01,"IBGE - Estimativas da População 2026"
5107792,"Santo Antônio do Leste",4275,2026,2026-07-01,"IBGE - Estimativas da População 2026"
5107800,"Santo Antônio de Leverger",16882,2026,2026-07-01,"IBGE - Estimativas da População 2026"
5107859,"São Félix do Araguaia",14873,2026,2026-07-01,"IBGE - Estimativas da População 2026"
5107875,"Sapezal",33520,2026,2026-07-01,"IBGE - Estimativas da População 2026"
5107883,"Serra Nova Dourada",1981,2026,2026-07-01,"IBGE - Estimativas da População 2026"
5107909,"Sinop",231452,2026,2026-07-01,"IBGE - Estimativas da População 2026"
5107925,"Sorriso",128727,2026,2026-07-01,"IBGE - Estimativas da População 2026"
5107941,"Tabaporã",9882,2026,2026-07-01,"IBGE - Estimativas da População 2026"
5107958,"Tangará da Serra",116637,2026,2026-07-01,"IBGE - Estimativas da População 2026"
5108006,"Tapurah",16001,2026,2026-07-01,"IBGE - Estimativas da População 2026"
5108055,"Terra Nova do Norte",10541,2026,2026-07-01,"IBGE - Estimativas da População 2026"
5108105,"Tesouro",2893,2026,2026-07-01,"IBGE - Estimativas da População 2026"
5108204,"Torixoréu",4245,2026,2026-07-01,"IBGE - Estimativas da População 2026"
5108303,"União do Sul",3910,2026,2026-07-01,"IBGE - Estimativas da População 2026"
5108352,"Vale de São Domingos",3043,2026,2026-07-01,"IBGE - Estimativas da População 2026"
5108402,"Várzea Grande",323172,2026,2026-07-01,"IBGE - Estimativas da População 2026"
5108501,"Vera",10930,2026,2026-07-01,"IBGE - Estimativas da População 2026"
5108600,"Vila Rica",19545,2026,2026-07-01,"IBGE - Estimativas da População 2026"
5108808,"Nova Guarita",4513,2026,2026-07-01,"IBGE - Estimativas da População 2026"
5108857,"Nova Marilândia",3784,2026,2026-07-01,"IBGE - Estimativas da População 2026"
5108907,"Nova Maringá",5636,2026,2026-07-01,"IBGE - Estimativas da População 2026"
5108956,"Nova Monte Verde",8489,2026,2026-07-01,"IBGE - Estimativas da População 2026"
